{"all mixed": {"wide": [[1, [[8.0, 8.0]]], [2, [[14.0, 15.0]]], [3, [[21.0, 21.0]]], [4, [[29.0, 29.0]]], [5, [[35.0, 35.0]]], [6, [[42.0, 42.0]]], [7, [[50.0, 49.0]]], [8, [[56.0, 56.0]]], [9, [[63.00000000000001, 63.00000000000001]]], [10, [[70.0, 71.0]]], [11, [[67.0, 77.0]]], [12, [[29.0, 86.0]]], [13, [[29.0, 92.0]]], [14, [[27.0, 98.0]]], [15, [[13.0, 105.0]]], [16, [[6.0, 112.0]]], [17, [[0.0, 118.99999999999999]]], [18, [[0, 126.00000000000001]]], [19, [[0, 134.0]]], [20, [[0, 135.0]]], [21, [[0, 146.0]]], [22, [[0, 145.0]]], [23, [[0, 139.0]]], [24, [[0, 153.0]]], [25, [[0, 154.0]]], [26, [[0, 157.0]]], [27, [[0, 160.0]]], [28, [[0, 173.0]]], [29, [[0, 158.0]]], [30, [[0, 165.0]]], [31, [[0, 145.0]]], [32, [[0, 180.0]]], [33, [[0, 163.0]]], [34, [[0, 173.0]]], [35, [[0, 0]]]], "static": [[9, [[63.00000000000001], [62.0], [63.00000000000001], [29.0], [63.00000000000001], [64.0], [63.00000000000001], [24.0], [62.0], [64.0]]], [10, [[68.0], [69.0], [70.0], [31.0], [28.0], [69.0], [37.0], [70.0], [69.0], [70.0]]], [11, [[29.0], [33.0], [31.0], [71.0], [33.0], [36.0], [33.0], [34.0], [37.0], [70.0]]]], "moving": [[31, [[170.0], [171.0], [169.0], [157.0], [152.0], [160.0], [151.0], [148.0], [158.0], [164.0]]], [32, [[169.0], [165.0], [174.0], [170.0], [167.0], [163.0], [166.0], [172.0], [154.0], [172.0]]], [33, [[165.0], [167.0], [151.0], [160.0], [160.0], [156.0], [154.0], [155.0], [175.0], [176.0]]]]}, "freight": {"wide": [[1, [[8.0, 8.0]]], [2, [[16.0, 16.0]]], [3, [[24.0, 24.0]]], [4, [[32.0, 32.0]]], [5, [[38.0, 40.0]]], [6, [[25.0, 48.0]]], [7, [[23.0, 56.0]]], [8, [[20.0, 64.0]]], [9, [[17.0, 72.0]]], [10, [[15.0, 80.0]]], [11, [[12.0, 88.0]]], [12, [[10.0, 93.0]]], [13, [[8.0, 94.0]]], [14, [[6.0, 96.0]]], [15, [[4.0, 97.0]]], [16, [[2.0, 96.0]]], [17, [[0.0, 96.0]]], [18, [[0, 96.0]]], [19, [[0, 96.0]]], [20, [[0, 95.0]]], [21, [[0, 93.0]]], [22, [[0, 91.0]]], [23, [[0, 89.0]]], [24, [[0, 86.0]]], [25, [[0, 82.0]]], [26, [[0, 79.0]]], [27, [[0, 74.0]]], [28, [[0, 70.0]]], [29, [[0, 64.0]]], [30, [[0, 57.00000000000001]]], [31, [[0, 49.0]]], [32, [[0, 38.0]]], [33, [[0, 0.0]]], [34, [[0, 0.0]]], [35, [[0, 0]]]], "static": [[4, [[32.0], [32.0], [32.0], [32.0], [32.0], [32.0], [32.0], [32.0], [32.0], [32.0]]], [5, [[38.0], [38.0], [38.0], [38.0], [38.0], [38.0], [38.0], [38.0], [38.0], [38.0]]], [6, [[25.0], [25.0], [25.0], [25.0], [25.0], [25.0], [25.0], [25.0], [25.0], [25.0]]]], "moving": [[14, [[96.0], [96.0], [96.0], [96.0], [96.0], [96.0], [96.0], [96.0], [96.0], [96.0]]], [15, [[97.0], [97.0], [97.0], [97.0], [97.0], [97.0], [97.0], [97.0], [97.0], [97.0]]], [16, [[96.0], [96.0], [96.0], [96.0], [96.0], [96.0], [96.0], [96.0], [96.0], [96.0]]]]}, "intercity": {"wide": [[1, [[4.0, 3.0]]], [2, [[7.0, 6.0]]], [3, [[11.0, 10.0]]], [4, [[15.0, 13.0]]], [5, [[18.0, 17.0]]], [6, [[21.0, 20.0]]], [7, [[25.0, 22.0]]], [8, [[23.0, 26.0]]], [9, [[24.0, 29.0]]], [10, [[24.0, 33.0]]], [11, [[24.0, 36.0]]], [12, [[23.0, 35.0]]], [13, [[19.0, 35.0]]], [14, [[10.0, 35.0]]], [15, [[0.0, 36.0]]], [16, [[0, 36.0]]], [17, [[0, 36.0]]], [18, [[0, 36.0]]], [19, [[0, 36.0]]], [20, [[0, 36.0]]], [21, [[0, 36.0]]], [22, [[0, 36.0]]], [23, [[0, 36.0]]], [24, [[0, 36.0]]], [25, [[0, 36.0]]], [26, [[0, 36.0]]], [27, [[0, 36.0]]], [28, [[0, 36.0]]], [29, [[0, 36.0]]], [30, [[0, 36.0]]], [31, [[0, 35.0]]], [32, [[0, 36.0]]], [33, [[0, 36.0]]], [34, [[0, 36.0]]], [35, [[0, 36.0]]]], "static": [[6, [[21.0], [21.0], [21.0], [21.0], [21.0], [21.0], [21.0], [21.0], [21.0], [21.0]]], [7, [[25.0], [25.0], [25.0], [25.0], [25.0], [25.0], [25.0], [25.0], [25.0], [25.0]]], [8, [[23.0], [23.0], [23.0], [23.0], [23.0], [23.0], [23.0], [23.0], [23.0], [23.0]]]], "moving": [[10, [[33.0], [33.0], [33.0], [33.0], [33.0], [33.0], [33.0], [33.0], [33.0], [33.0]]], [11, [[36.0], [36.0], [36.0], [36.0], [36.0], [36.0], [36.0], [36.0], [36.0], [36.0]]], [12, [[35.0], [35.0], [35.0], [35.0], [35.0], [35.0], [35.0], [35.0], [35.0], [35.0]]]]}, "IC and SPR": {"wide": [[1, [[4.0, 3.0]]], [2, [[8.0, 7.0]]], [3, [[11.0, 12.0]]], [4, [[15.0, 14.0]]], [5, [[18.0, 17.0]]], [6, [[21.0, 20.0]]], [7, [[25.0, 22.0]]], [8, [[24.0, 27.0]]], [9, [[26.0, 29.0]]], [10, [[26.0, 33.0]]], [11, [[26.0, 37.0]]], [12, [[25.0, 38.0]]], [13, [[25.0, 38.0]]], [14, [[15.0, 40.0]]], [15, [[0.0, 39.0]]], [16, [[0, 37.0]]], [17, [[0, 38.0]]], [18, [[0, 35.0]]], [19, [[0, 38.0]]], [20, [[0, 38.0]]], [21, [[0, 36.0]]], [22, [[0, 39.0]]], [23, [[0, 38.0]]], [24, [[0, 38.0]]], [25, [[0, 39.0]]], [26, [[0, 38.0]]], [27, [[0, 39.0]]], [28, [[0, 40.0]]], [29, [[0, 36.0]]], [30, [[0, 37.0]]], [31, [[0, 38.0]]], [32, [[0, 39.0]]], [33, [[0, 39.0]]], [34, [[0, 38.0]]], [35, [[0, 38.0]]]], "static": [[8, [[27.0], [27.0], [28.0], [26.0], [25.0], [25.0], [27.0], [24.0], [27.0], [26.0]]], [9, [[25.0], [28.0], [26.0], [26.0], [28.0], [24.0], [27.0], [26.0], [25.0], [27.0]]], [10, [[26.0], [27.0], [24.0], [27.0], [25.0], [27.0], [26.0], [25.0], [26.0], [27.0]]]], "moving": [[13, [[37.0], [39.0], [38.0], [38.0], [39.0], [38.0], [37.0], [38.0], [38.0], [40.0]]], [14, [[39.0], [37.0], [38.0], [39.0], [38.0], [40.0], [37.0], [40.0], [39.0], [38.0]]], [15, [[40.0], [37.0], [38.0], [37.0], [39.0], [38.0], [37.0], [38.0], [39.0], [38.0]]]]}, "sprinter": {"wide": [[1, [[4.0, 4.0]]], [2, [[8.0, 7.0]]], [3, [[12.0, 12.0]]], [4, [[16.0, 15.0]]], [5, [[20.0, 18.0]]], [6, [[24.0, 23.0]]], [7, [[28.0, 26.0]]], [8, [[29.0, 30.0]]], [9, [[29.0, 34.0]]], [10, [[30.0, 37.0]]], [11, [[29.0, 41.0]]], [12, [[29.0, 42.0]]], [13, [[29.0, 42.0]]], [14, [[20.0, 42.0]]], [15, [[0.0, 42.0]]], [16, [[0, 42.0]]], [17, [[0, 42.0]]], [18, [[0, 42.0]]], [19, [[0, 42.0]]], [20, [[0, 42.0]]], [21, [[0, 42.0]]], [22, [[0, 42.0]]], [23, [[0, 42.0]]], [24, [[0, 42.0]]], [25, [[0, 42.0]]], [26, [[0, 42.0]]], [27, [[0, 42.0]]], [28, [[0, 42.0]]], [29, [[0, 42.0]]], [30, [[0, 42.0]]], [31, [[0, 42.0]]], [32, [[0, 42.0]]], [33, [[0, 42.0]]], [34, [[0, 42.0]]], [35, [[0, 42.0]]]], "static": [[9, [[29.0], [29.0], [29.0], [29.0], [29.0], [29.0], [29.0], [29.0], [29.0], [29.0]]], [10, [[30.0], [30.0], [30.0], [30.0], [30.0], [30.0], [30.0], [30.0], [30.0], [30.0]]], [11, [[29.0], [29.0], [29.0], [29.0], [29.0], [29.0], [29.0], [29.0], [29.0], [29.0]]]], "moving": [[11, [[41.0], [41.0], [41.0], [41.0], [41.0], [41.0], [41.0], [41.0], [41.0], [41.0]]], [12, [[42.0], [42.0], [42.0], [42.0], [42.0], [42.0], [42.0], [42.0], [42.0], [42.0]]], [13, [[42.0], [42.0], [42.0], [42.0], [42.0], [42.0], [42.0], [42.0], [42.0], [42.0]]]]}}