{"all mixed": {"wide": [[1, [[8.0, 8.0]]], [2, [[14.0, 14.0]]], [3, [[21.0, 21.0]]], [4, [[28.0, 28.0]]], [5, [[35.0, 36.0]]], [6, [[42.0, 42.0]]], [7, [[48.0, 49.0]]], [8, [[56.0, 57.00000000000001]]], [9, [[62.0, 64.0]]], [10, [[70.0, 70.0]]], [11, [[70.0, 77.0]]], [12, [[28.0, 84.0]]], [13, [[37.0, 92.0]]], [14, [[15.0, 98.0]]], [15, [[14.0, 106.0]]], [16, [[8.0, 112.0]]], [17, [[0.0, 118.99999999999999]]], [18, [[0, 127.0]]], [19, [[0, 133.0]]], [20, [[0, 139.0]]], [21, [[0, 146.0]]], [22, [[0, 150.0]]], [23, [[0, 156.0]]], [24, [[0, 155.0]]], [25, [[0, 164.0]]], [26, [[0, 161.0]]], [27, [[0, 169.0]]], [28, [[0, 160.0]]], [29, [[0, 160.0]]], [30, [[0, 166.0]]], [31, [[0, 160.0]]], [32, [[0, 166.0]]], [33, [[0, 177.0]]], [34, [[0, 183.0]]], [35, [[0, 0]]]], "static": [[9, [[62.0], [56.0], [63.00000000000001], [63.00000000000001], [63.00000000000001], [64.0], [62.0], [27.0], [63.00000000000001], [63.00000000000001]]], [10, [[36.0], [68.0], [33.0], [70.0], [28.0], [70.0], [69.0], [38.0], [68.0], [30.0]]], [11, [[27.0], [49.0], [73.0], [34.0], [34.0], [67.0], [38.0], [71.0], [67.0], [29.0]]]], "moving": [[33, [[175.0], [176.0], [172.0], [169.0], [156.0], [164.0], [153.0], [166.0], [175.0], [166.0]]], [34, [[159.0], [169.0], [174.0], [185.0], [168.0], [154.0], [144.0], [152.0], [165.0], [147.0]]], [35, [[0], [0], [0], [0], [0], [0], [0], [0], [0], [0]]]]}, "freight": {"wide": [[1, [[8.0, 8.0]]], [2, [[16.0, 16.0]]], [3, [[24.0, 24.0]]], [4, [[32.0, 32.0]]], [5, [[39.0, 40.0]]], [6, [[25.0, 48.0]]], [7, [[22.0, 56.0]]], [8, [[20.0, 64.0]]], [9, [[17.0, 72.0]]], [10, [[15.0, 80.0]]], [11, [[12.0, 88.0]]], [12, [[10.0, 93.0]]], [13, [[8.0, 94.0]]], [14, [[6.0, 96.0]]], [15, [[4.0, 97.0]]], [16, [[2.0, 96.0]]], [17, [[0.0, 96.0]]], [18, [[0, 96.0]]], [19, [[0, 96.0]]], [20, [[0, 95.0]]], [21, [[0, 93.0]]], [22, [[0, 91.0]]], [23, [[0, 89.0]]], [24, [[0, 86.0]]], [25, [[0, 82.0]]], [26, [[0, 79.0]]], [27, [[0, 74.0]]], [28, [[0, 70.0]]], [29, [[0, 64.0]]], [30, [[0, 57.00000000000001]]], [31, [[0, 49.0]]], [32, [[0, 38.0]]], [33, [[0, 0.0]]], [34, [[0, 0.0]]], [35, [[0, 0]]]], "static": [[4, [[32.0], [32.0], [32.0], [32.0], [32.0], [32.0], [32.0], [32.0], [32.0], [32.0]]], [5, [[39.0], [39.0], [39.0], [39.0], [39.0], [39.0], [39.0], [39.0], [39.0], [39.0]]], [6, [[25.0], [25.0], [25.0], [25.0], [25.0], [25.0], [25.0], [25.0], [25.0], [25.0]]]], "moving": [[14, [[96.0], [96.0], [96.0], [96.0], [96.0], [96.0], [96.0], [96.0], [96.0], [96.0]]], [15, [[97.0], [97.0], [97.0], [97.0], [97.0], [97.0], [97.0], [97.0], [97.0], [97.0]]], [16, [[96.0], [96.0], [96.0], [96.0], [96.0], [96.0], [96.0], [96.0], [96.0], [96.0]]]]}, "intercity": {"wide": [[1, [[4.0, 3.0]]], [2, [[7.0, 6.0]]], [3, [[11.0, 10.0]]], [4, [[15.0, 13.0]]], [5, [[18.0, 17.0]]], [6, [[21.0, 20.0]]], [7, [[25.0, 22.0]]], [8, [[23.0, 26.0]]], [9, [[23.0, 29.0]]], [10, [[23.0, 33.0]]], [11, [[24.0, 36.0]]], [12, [[23.0, 35.0]]], [13, [[19.0, 35.0]]], [14, [[10.0, 36.0]]], [15, [[0.0, 36.0]]], [16, [[0, 36.0]]], [17, [[0, 36.0]]], [18, [[0, 36.0]]], [19, [[0, 36.0]]], [20, [[0, 36.0]]], [21, [[0, 36.0]]], [22, [[0, 36.0]]], [23, [[0, 36.0]]], [24, [[0, 36.0]]], [25, [[0, 36.0]]], [26, [[0, 36.0]]], [27, [[0, 36.0]]], [28, [[0, 36.0]]], [29, [[0, 36.0]]], [30, [[0, 36.0]]], [31, [[0, 36.0]]], [32, [[0, 36.0]]], [33, [[0, 36.0]]], [34, [[0, 36.0]]], [35, [[0, 36.0]]]], "static": [[6, [[21.0], [21.0], [21.0], [21.0], [21.0], [21.0], [21.0], [21.0], [21.0], [21.0]]], [7, [[25.0], [25.0], [25.0], [25.0], [25.0], [25.0], [25.0], [25.0], [25.0], [25.0]]], [8, [[23.0], [23.0], [23.0], [23.0], [23.0], [23.0], [23.0], [23.0], [23.0], [23.0]]]], "moving": [[10, [[33.0], [33.0], [33.0], [33.0], [33.0], [33.0], [33.0], [33.0], [33.0], [33.0]]], [11, [[36.0], [36.0], [36.0], [36.0], [36.0], [36.0], [36.0], [36.0], [36.0], [36.0]]], [12, [[35.0], [35.0], [35.0], [35.0], [35.0], [35.0], [35.0], [35.0], [35.0], [35.0]]]]}, "intercity and sprinter": {"wide": [[1, [[4.0, 3.0]]], [2, [[7.0, 6.0]]], [3, [[11.0, 11.0]]], [4, [[15.0, 14.0]]], [5, [[18.0, 18.0]]], [6, [[21.0, 20.0]]], [7, [[26.0, 23.0]]], [8, [[24.0, 26.0]]], [9, [[25.0, 29.0]]], [10, [[27.0, 32.0]]], [11, [[27.0, 36.0]]], [12, [[25.0, 38.0]]], [13, [[27.0, 40.0]]], [14, [[15.0, 40.0]]], [15, [[0.0, 38.0]]], [16, [[0, 39.0]]], [17, [[0, 39.0]]], [18, [[0, 37.0]]], [19, [[0, 38.0]]], [20, [[0, 39.0]]], [21, [[0, 40.0]]], [22, [[0, 38.0]]], [23, [[0, 37.0]]], [24, [[0, 40.0]]], [25, [[0, 40.0]]], [26, [[0, 38.0]]], [27, [[0, 38.0]]], [28, [[0, 39.0]]], [29, [[0, 40.0]]], [30, [[0, 39.0]]], [31, [[0, 40.0]]], [32, [[0, 38.0]]], [33, [[0, 38.0]]], [34, [[0, 39.0]]], [35, [[0, 38.0]]]], "static": [[9, [[25.0], [26.0], [26.0], [26.0], [26.0], [25.0], [27.0], [26.0], [27.0], [26.0]]], [10, [[24.0], [26.0], [26.0], [25.0], [27.0], [26.0], [25.0], [26.0], [26.0], [25.0]]], [11, [[25.0], [25.0], [27.0], [27.0], [28.0], [26.0], [24.0], [26.0], [26.0], [25.0]]]], "moving": [[12, [[39.0], [38.0], [38.0], [36.0], [38.0], [39.0], [38.0], [37.0], [37.0], [39.0]]], [13, [[39.0], [41.0], [38.0], [38.0], [38.0], [37.0], [36.0], [38.0], [39.0], [39.0]]], [14, [[39.0], [39.0], [37.0], [38.0], [36.0], [38.0], [38.0], [40.0], [38.0], [38.0]]]]}, "sprinter": {"wide": [[1, [[4.0, 4.0]]], [2, [[8.0, 7.0]]], [3, [[12.0, 12.0]]], [4, [[16.0, 15.0]]], [5, [[20.0, 18.0]]], [6, [[24.0, 23.0]]], [7, [[28.0, 26.0]]], [8, [[29.0, 30.0]]], [9, [[29.0, 34.0]]], [10, [[30.0, 37.0]]], [11, [[29.0, 41.0]]], [12, [[29.0, 42.0]]], [13, [[29.0, 42.0]]], [14, [[20.0, 42.0]]], [15, [[0.0, 42.0]]], [16, [[0, 42.0]]], [17, [[0, 42.0]]], [18, [[0, 42.0]]], [19, [[0, 42.0]]], [20, [[0, 42.0]]], [21, [[0, 42.0]]], [22, [[0, 42.0]]], [23, [[0, 42.0]]], [24, [[0, 42.0]]], [25, [[0, 42.0]]], [26, [[0, 42.0]]], [27, [[0, 42.0]]], [28, [[0, 42.0]]], [29, [[0, 42.0]]], [30, [[0, 42.0]]], [31, [[0, 42.0]]], [32, [[0, 42.0]]], [33, [[0, 42.0]]], [34, [[0, 42.0]]], [35, [[0, 42.0]]]], "static": [[9, [[29.0], [29.0], [29.0], [29.0], [29.0], [29.0], [29.0], [29.0], [29.0], [29.0]]], [10, [[30.0], [30.0], [30.0], [30.0], [30.0], [30.0], [30.0], [30.0], [30.0], [30.0]]], [11, [[29.0], [29.0], [29.0], [29.0], [29.0], [29.0], [29.0], [29.0], [29.0], [29.0]]]], "moving": [[11, [[41.0], [41.0], [41.0], [41.0], [41.0], [41.0], [41.0], [41.0], [41.0], [41.0]]], [12, [[42.0], [42.0], [42.0], [42.0], [42.0], [42.0], [42.0], [42.0], [42.0], [42.0]]], [13, [[42.0], [42.0], [42.0], [42.0], [42.0], [42.0], [42.0], [42.0], [42.0], [42.0]]]]}}