{"all mixed": {"wide": [[1, [[7.0, 2.0]]], [2, [[14.0, 4.0]]], [3, [[21.0, 6.0]]], [4, [[28.0, 7.0]]], [5, [[35.0, 9.0]]], [6, [[42.0, 11.0]]], [7, [[49.0, 12.0]]], [8, [[56.0, 14.0]]], [9, [[62.0, 16.0]]], [10, [[68.0, 18.0]]], [11, [[71.0, 20.0]]], [12, [[22.0, 22.0]]], [13, [[21.0, 24.0]]], [14, [[19.0, 25.0]]], [15, [[15.0, 27.0]]], [16, [[6.0, 29.0]]], [17, [[0.0, 30.0]]], [18, [[0, 32.0]]], [19, [[0, 34.0]]], [20, [[0, 36.0]]], [21, [[0, 38.0]]], [22, [[0, 40.0]]], [23, [[0, 42.0]]], [24, [[0, 43.0]]], [25, [[0, 45.0]]], [26, [[0, 47.0]]], [27, [[0, 48.0]]], [28, [[0, 51.0]]], [29, [[0, 53.0]]], [30, [[0, 54.0]]], [31, [[0, 56.0]]], [32, [[0, 58.0]]], [33, [[0, 59.00000000000001]]], [34, [[0, 61.00000000000001]]], [35, [[0, 0]]]], "static": [[10, [[38.0], [68.0], [68.0], [68.0], [68.0], [69.0], [68.0], [32.0], [37.0], [69.0]]], [11, [[29.0], [39.0], [35.0], [30.0], [35.0], [69.0], [30.0], [30.0], [36.0], [36.0]]], [12, [[27.0], [64.0], [66.0], [33.0], [36.0], [36.0], [26.0], [36.0], [67.0], [30.0]]]], "moving": [[33, [[60.0], [60.0], [60.0], [59.00000000000001], [59.00000000000001], [59.00000000000001], [60.0], [59.00000000000001], [59.00000000000001], [60.0]]], [34, [[61.00000000000001], [61.00000000000001], [61.00000000000001], [61.00000000000001], [61.00000000000001], [61.00000000000001], [61.00000000000001], [61.00000000000001], [61.00000000000001], [61.00000000000001]]], [35, [[0], [0], [0], [0], [0], [0], [0], [0], [0], [0]]]]}, "freight": {"wide": [[1, [[8.0, 2.0]]], [2, [[16.0, 4.0]]], [3, [[24.0, 6.0]]], [4, [[32.0, 7.0]]], [5, [[39.0, 9.0]]], [6, [[25.0, 11.0]]], [7, [[22.0, 12.0]]], [8, [[20.0, 14.0]]], [9, [[17.0, 16.0]]], [10, [[15.0, 18.0]]], [11, [[12.0, 20.0]]], [12, [[10.0, 22.0]]], [13, [[8.0, 23.0]]], [14, [[6.0, 25.0]]], [15, [[4.0, 27.0]]], [16, [[2.0, 29.0]]], [17, [[0.0, 30.0]]], [18, [[0, 32.0]]], [19, [[0, 35.0]]], [20, [[0, 36.0]]], [21, [[0, 38.0]]], [22, [[0, 40.0]]], [23, [[0, 41.0]]], [24, [[0, 43.0]]], [25, [[0, 45.0]]], [26, [[0, 46.0]]], [27, [[0, 48.0]]], [28, [[0, 51.0]]], [29, [[0, 52.0]]], [30, [[0, 54.0]]], [31, [[0, 49.0]]], [32, [[0, 38.0]]], [33, [[0, 0.0]]], [34, [[0, 0.0]]], [35, [[0, 0]]]], "static": [[4, [[32.0], [32.0], [32.0], [32.0], [32.0], [32.0], [32.0], [32.0], [32.0], [32.0]]], [5, [[39.0], [39.0], [39.0], [39.0], [39.0], [39.0], [39.0], [39.0], [39.0], [39.0]]], [6, [[25.0], [25.0], [25.0], [25.0], [25.0], [25.0], [25.0], [25.0], [25.0], [25.0]]]], "moving": [[29, [[52.0], [52.0], [52.0], [52.0], [52.0], [52.0], [52.0], [52.0], [52.0], [52.0]]], [30, [[54.0], [54.0], [54.0], [54.0], [54.0], [54.0], [54.0], [54.0], [54.0], [54.0]]], [31, [[49.0], [49.0], [49.0], [49.0], [49.0], [49.0], [49.0], [49.0], [49.0], [49.0]]]]}, "intercity": {"wide": [[1, [[3.0, 3.0]]], [2, [[7.0, 7.0]]], [3, [[10.0, 10.0]]], [4, [[14.0, 14.0]]], [5, [[17.0, 18.0]]], [6, [[21.0, 21.0]]], [7, [[24.0, 24.0]]], [8, [[24.0, 28.0]]], [9, [[23.0, 31.0]]], [10, [[24.0, 35.0]]], [11, [[24.0, 39.0]]], [12, [[24.0, 42.0]]], [13, [[20.0, 45.0]]], [14, [[10.0, 46.0]]], [15, [[0.0, 47.0]]], [16, [[0, 46.0]]], [17, [[0, 46.0]]], [18, [[0, 46.0]]], [19, [[0, 45.0]]], [20, [[0, 45.0]]], [21, [[0, 46.0]]], [22, [[0, 46.0]]], [23, [[0, 46.0]]], [24, [[0, 46.0]]], [25, [[0, 45.0]]], [26, [[0, 46.0]]], [27, [[0, 46.0]]], [28, [[0, 46.0]]], [29, [[0, 46.0]]], [30, [[0, 46.0]]], [31, [[0, 46.0]]], [32, [[0, 46.0]]], [33, [[0, 46.0]]], [34, [[0, 46.0]]], [35, [[0, 46.0]]]], "static": [[6, [[21.0], [21.0], [21.0], [21.0], [21.0], [21.0], [21.0], [21.0], [21.0], [21.0]]], [7, [[24.0], [24.0], [24.0], [24.0], [24.0], [24.0], [24.0], [24.0], [24.0], [24.0]]], [8, [[24.0], [24.0], [24.0], [24.0], [24.0], [24.0], [24.0], [24.0], [24.0], [24.0]]]], "moving": [[14, [[46.0], [46.0], [46.0], [46.0], [46.0], [46.0], [46.0], [46.0], [46.0], [46.0]]], [15, [[47.0], [47.0], [47.0], [47.0], [47.0], [47.0], [47.0], [47.0], [47.0], [47.0]]], [16, [[46.0], [46.0], [46.0], [46.0], [46.0], [46.0], [46.0], [46.0], [46.0], [46.0]]]]}, "IC and SPR": {"wide": [[1, [[4.0, 4.0]]], [2, [[8.0, 8.0]]], [3, [[10.0, 11.0]]], [4, [[14.0, 15.0]]], [5, [[17.0, 18.0]]], [6, [[22.0, 23.0]]], [7, [[25.0, 25.0]]], [8, [[28.0, 28.0]]], [9, [[26.0, 31.0]]], [10, [[26.0, 36.0]]], [11, [[25.0, 39.0]]], [12, [[25.0, 42.0]]], [13, [[25.0, 45.0]]], [14, [[14.0, 49.0]]], [15, [[0.0, 51.0]]], [16, [[0, 52.0]]], [17, [[0, 49.0]]], [18, [[0, 50.0]]], [19, [[0, 49.0]]], [20, [[0, 50.0]]], [21, [[0, 51.0]]], [22, [[0, 51.0]]], [23, [[0, 51.0]]], [24, [[0, 51.0]]], [25, [[0, 51.0]]], [26, [[0, 51.0]]], [27, [[0, 50.0]]], [28, [[0, 53.0]]], [29, [[0, 50.0]]], [30, [[0, 49.0]]], [31, [[0, 51.0]]], [32, [[0, 50.0]]], [33, [[0, 48.0]]], [34, [[0, 50.0]]], [35, [[0, 50.0]]]], "static": [[7, [[25.0], [25.0], [25.0], [25.0], [25.0], [25.0], [25.0], [25.0], [25.0], [24.0]]], [8, [[28.0], [24.0], [26.0], [28.0], [26.0], [28.0], [25.0], [27.0], [28.0], [28.0]]], [9, [[27.0], [25.0], [26.0], [27.0], [27.0], [27.0], [25.0], [25.0], [27.0], [25.0]]]], "moving": [[27, [[50.0], [49.0], [50.0], [49.0], [51.0], [50.0], [50.0], [51.0], [53.0], [51.0]]], [28, [[50.0], [50.0], [50.0], [51.0], [51.0], [49.0], [50.0], [50.0], [50.0], [51.0]]], [29, [[51.0], [50.0], [50.0], [52.0], [50.0], [50.0], [51.0], [51.0], [51.0], [52.0]]]]}, "sprinter": {"wide": [[1, [[4.0, 4.0]]], [2, [[8.0, 8.0]]], [3, [[12.0, 12.0]]], [4, [[16.0, 16.0]]], [5, [[20.0, 20.0]]], [6, [[24.0, 24.0]]], [7, [[28.0, 28.0]]], [8, [[30.0, 32.0]]], [9, [[29.0, 35.0]]], [10, [[29.0, 40.0]]], [11, [[29.0, 43.0]]], [12, [[30.0, 47.0]]], [13, [[29.0, 50.0]]], [14, [[21.0, 54.0]]], [15, [[0.0, 57.00000000000001]]], [16, [[0, 57.00000000000001]]], [17, [[0, 56.0]]], [18, [[0, 57.00000000000001]]], [19, [[0, 57.00000000000001]]], [20, [[0, 57.00000000000001]]], [21, [[0, 57.00000000000001]]], [22, [[0, 57.00000000000001]]], [23, [[0, 56.0]]], [24, [[0, 57.00000000000001]]], [25, [[0, 57.00000000000001]]], [26, [[0, 57.00000000000001]]], [27, [[0, 57.00000000000001]]], [28, [[0, 56.0]]], [29, [[0, 57.00000000000001]]], [30, [[0, 57.00000000000001]]], [31, [[0, 57.00000000000001]]], [32, [[0, 57.00000000000001]]], [33, [[0, 57.00000000000001]]], [34, [[0, 57.00000000000001]]], [35, [[0, 57.00000000000001]]]], "static": [[7, [[28.0], [28.0], [28.0], [28.0], [28.0], [28.0], [28.0], [28.0], [28.0], [28.0]]], [8, [[30.0], [30.0], [30.0], [30.0], [30.0], [30.0], [30.0], [30.0], [30.0], [30.0]]], [9, [[29.0], [29.0], [29.0], [29.0], [29.0], [29.0], [29.0], [29.0], [29.0], [29.0]]]], "moving": [[14, [[54.0], [54.0], [54.0], [54.0], [54.0], [54.0], [54.0], [54.0], [54.0], [54.0]]], [15, [[57.00000000000001], [57.00000000000001], [57.00000000000001], [57.00000000000001], [57.00000000000001], [57.00000000000001], [57.00000000000001], [57.00000000000001], [57.00000000000001], [57.00000000000001]]], [16, [[57.00000000000001], [57.00000000000001], [57.00000000000001], [57.00000000000001], [57.00000000000001], [57.00000000000001], [57.00000000000001], [57.00000000000001], [57.00000000000001], [57.00000000000001]]]]}}