{"all mixed": {"wide": [[1, [[7.0, 7.0]]], [2, [[15.0, 15.0]]], [3, [[21.0, 21.0]]], [4, [[28.0, 28.0]]], [5, [[35.0, 35.0]]], [6, [[42.0, 42.0]]], [7, [[49.0, 51.0]]], [8, [[57.00000000000001, 56.0]]], [9, [[63.00000000000001, 63.00000000000001]]], [10, [[69.0, 70.0]]], [11, [[73.0, 77.0]]], [12, [[28.0, 84.0]]], [13, [[37.0, 91.0]]], [14, [[15.0, 98.0]]], [15, [[21.0, 105.0]]], [16, [[8.0, 112.0]]], [17, [[0.0, 118.99999999999999]]], [18, [[0, 126.00000000000001]]], [19, [[0, 133.0]]], [20, [[0, 140.0]]], [21, [[0, 147.0]]], [22, [[0, 150.0]]], [23, [[0, 149.0]]], [24, [[0, 160.0]]], [25, [[0, 144.0]]], [26, [[0, 160.0]]], [27, [[0, 162.0]]], [28, [[0, 155.0]]], [29, [[0, 157.0]]], [30, [[0, 160.0]]], [31, [[0, 162.0]]], [32, [[0, 141.0]]], [33, [[0, 162.0]]], [34, [[0, 155.0]]], [35, [[0, 0]]]], "static": [[10, [[35.0], [70.0], [69.0], [69.0], [69.0], [67.0], [69.0], [69.0], [68.0], [31.0]]], [11, [[31.0], [37.0], [35.0], [56.0], [67.0], [75.0], [70.0], [25.0], [38.0], [34.0]]], [12, [[66.0], [29.0], [65.0], [52.0], [28.0], [36.0], [36.0], [24.0], [71.0], [24.0]]]], "moving": [[26, [[159.0], [144.0], [160.0], [154.0], [150.0], [153.0], [147.0], [145.0], [153.0], [151.0]]], [27, [[159.0], [166.0], [161.0], [160.0], [151.0], [157.0], [151.0], [157.0], [154.0], [157.0]]], [28, [[155.0], [162.0], [154.0], [162.0], [156.0], [153.0], [149.0], [149.0], [165.0], [163.0]]]]}, "freight": {"wide": [[1, [[8.0, 8.0]]], [2, [[16.0, 16.0]]], [3, [[24.0, 24.0]]], [4, [[32.0, 32.0]]], [5, [[38.0, 40.0]]], [6, [[25.0, 48.0]]], [7, [[22.0, 56.0]]], [8, [[20.0, 64.0]]], [9, [[17.0, 72.0]]], [10, [[15.0, 80.0]]], [11, [[12.0, 88.0]]], [12, [[10.0, 93.0]]], [13, [[8.0, 94.0]]], [14, [[6.0, 96.0]]], [15, [[4.0, 97.0]]], [16, [[2.0, 96.0]]], [17, [[0.0, 96.0]]], [18, [[0, 96.0]]], [19, [[0, 96.0]]], [20, [[0, 95.0]]], [21, [[0, 93.0]]], [22, [[0, 91.0]]], [23, [[0, 89.0]]], [24, [[0, 86.0]]], [25, [[0, 82.0]]], [26, [[0, 79.0]]], [27, [[0, 74.0]]], [28, [[0, 70.0]]], [29, [[0, 64.0]]], [30, [[0, 57.00000000000001]]], [31, [[0, 49.0]]], [32, [[0, 38.0]]], [33, [[0, 0.0]]], [34, [[0, 0.0]]], [35, [[0, 0]]]], "static": [[4, [[32.0], [32.0], [32.0], [32.0], [32.0], [32.0], [32.0], [32.0], [32.0], [32.0]]], [5, [[38.0], [38.0], [38.0], [38.0], [38.0], [38.0], [38.0], [38.0], [38.0], [38.0]]], [6, [[25.0], [25.0], [25.0], [25.0], [25.0], [25.0], [25.0], [25.0], [25.0], [25.0]]]], "moving": [[14, [[96.0], [96.0], [96.0], [96.0], [96.0], [96.0], [96.0], [96.0], [96.0], [96.0]]], [15, [[97.0], [97.0], [97.0], [97.0], [97.0], [97.0], [97.0], [97.0], [97.0], [97.0]]], [16, [[96.0], [96.0], [96.0], [96.0], [96.0], [96.0], [96.0], [96.0], [96.0], [96.0]]]]}, "intercity": {"wide": [[1, [[4.0, 4.0]]], [2, [[7.0, 7.0]]], [3, [[11.0, 11.0]]], [4, [[15.0, 14.0]]], [5, [[18.0, 18.0]]], [6, [[21.0, 21.0]]], [7, [[25.0, 25.0]]], [8, [[23.0, 28.0]]], [9, [[23.0, 32.0]]], [10, [[24.0, 35.0]]], [11, [[24.0, 39.0]]], [12, [[23.0, 42.0]]], [13, [[19.0, 45.0]]], [14, [[10.0, 46.0]]], [15, [[0.0, 46.0]]], [16, [[0, 45.0]]], [17, [[0, 45.0]]], [18, [[0, 46.0]]], [19, [[0, 46.0]]], [20, [[0, 46.0]]], [21, [[0, 46.0]]], [22, [[0, 46.0]]], [23, [[0, 46.0]]], [24, [[0, 46.0]]], [25, [[0, 46.0]]], [26, [[0, 46.0]]], [27, [[0, 46.0]]], [28, [[0, 46.0]]], [29, [[0, 46.0]]], [30, [[0, 46.0]]], [31, [[0, 46.0]]], [32, [[0, 46.0]]], [33, [[0, 46.0]]], [34, [[0, 46.0]]], [35, [[0, 46.0]]]], "static": [[6, [[21.0], [21.0], [21.0], [21.0], [21.0], [21.0], [21.0], [21.0], [21.0], [21.0]]], [7, [[25.0], [25.0], [25.0], [25.0], [25.0], [25.0], [25.0], [25.0], [25.0], [25.0]]], [8, [[23.0], [23.0], [23.0], [23.0], [23.0], [23.0], [23.0], [23.0], [23.0], [23.0]]]], "moving": [[13, [[45.0], [45.0], [45.0], [45.0], [45.0], [45.0], [45.0], [45.0], [45.0], [45.0]]], [14, [[46.0], [46.0], [46.0], [46.0], [46.0], [46.0], [46.0], [46.0], [46.0], [46.0]]], [15, [[46.0], [46.0], [46.0], [46.0], [46.0], [46.0], [46.0], [46.0], [46.0], [46.0]]]]}, "intercity and sprinter": {"wide": [[1, [[4.0, 4.0]]], [2, [[7.0, 8.0]]], [3, [[11.0, 12.0]]], [4, [[15.0, 15.0]]], [5, [[18.0, 18.0]]], [6, [[21.0, 22.0]]], [7, [[24.0, 28.0]]], [8, [[24.0, 28.0]]], [9, [[25.0, 31.0]]], [10, [[26.0, 37.0]]], [11, [[27.0, 39.0]]], [12, [[26.0, 42.0]]], [13, [[22.0, 44.0]]], [14, [[14.0, 49.0]]], [15, [[0.0, 49.0]]], [16, [[0, 49.0]]], [17, [[0, 50.0]]], [18, [[0, 51.0]]], [19, [[0, 51.0]]], [20, [[0, 49.0]]], [21, [[0, 51.0]]], [22, [[0, 49.0]]], [23, [[0, 51.0]]], [24, [[0, 49.0]]], [25, [[0, 50.0]]], [26, [[0, 50.0]]], [27, [[0, 50.0]]], [28, [[0, 50.0]]], [29, [[0, 49.0]]], [30, [[0, 51.0]]], [31, [[0, 51.0]]], [32, [[0, 49.0]]], [33, [[0, 51.0]]], [34, [[0, 51.0]]], [35, [[0, 51.0]]]], "static": [[10, [[27.0], [26.0], [27.0], [26.0], [27.0], [26.0], [26.0], [27.0], [26.0], [25.0]]], [11, [[25.0], [27.0], [27.0], [26.0], [24.0], [26.0], [26.0], [27.0], [26.0], [25.0]]], [12, [[27.0], [26.0], [24.0], [24.0], [25.0], [27.0], [25.0], [27.0], [25.0], [25.0]]]], "moving": [[17, [[49.0], [50.0], [51.0], [51.0], [49.0], [51.0], [52.0], [50.0], [51.0], [49.0]]], [18, [[51.0], [49.0], [51.0], [53.0], [51.0], [51.0], [50.0], [52.0], [49.0], [51.0]]], [19, [[52.0], [51.0], [52.0], [47.0], [52.0], [53.0], [50.0], [52.0], [49.0], [48.0]]]]}, "sprinter": {"wide": [[1, [[4.0, 4.0]]], [2, [[8.0, 8.0]]], [3, [[12.0, 12.0]]], [4, [[16.0, 16.0]]], [5, [[20.0, 20.0]]], [6, [[24.0, 24.0]]], [7, [[28.0, 28.0]]], [8, [[29.0, 32.0]]], [9, [[29.0, 36.0]]], [10, [[30.0, 40.0]]], [11, [[29.0, 44.0]]], [12, [[29.0, 47.0]]], [13, [[29.0, 51.0]]], [14, [[21.0, 54.0]]], [15, [[0.0, 57.00000000000001]]], [16, [[0, 57.00000000000001]]], [17, [[0, 57.00000000000001]]], [18, [[0, 57.00000000000001]]], [19, [[0, 57.00000000000001]]], [20, [[0, 57.00000000000001]]], [21, [[0, 57.00000000000001]]], [22, [[0, 57.00000000000001]]], [23, [[0, 57.00000000000001]]], [24, [[0, 57.00000000000001]]], [25, [[0, 57.00000000000001]]], [26, [[0, 57.00000000000001]]], [27, [[0, 57.00000000000001]]], [28, [[0, 57.00000000000001]]], [29, [[0, 56.0]]], [30, [[0, 56.0]]], [31, [[0, 56.0]]], [32, [[0, 56.0]]], [33, [[0, 56.0]]], [34, [[0, 56.0]]], [35, [[0, 56.0]]]], "static": [[9, [[29.0], [29.0], [29.0], [29.0], [29.0], [29.0], [29.0], [29.0], [29.0], [29.0]]], [10, [[30.0], [30.0], [30.0], [30.0], [30.0], [30.0], [30.0], [30.0], [30.0], [30.0]]], [11, [[29.0], [29.0], [29.0], [29.0], [29.0], [29.0], [29.0], [29.0], [29.0], [29.0]]]], "moving": [[14, [[54.0], [54.0], [54.0], [54.0], [54.0], [54.0], [54.0], [54.0], [54.0], [54.0]]], [15, [[57.00000000000001], [57.00000000000001], [57.00000000000001], [57.00000000000001], [57.00000000000001], [57.00000000000001], [57.00000000000001], [57.00000000000001], [57.00000000000001], [57.00000000000001]]], [16, [[57.00000000000001], [57.00000000000001], [57.00000000000001], [57.00000000000001], [57.00000000000001], [57.00000000000001], [57.00000000000001], [57.00000000000001], [57.00000000000001], [57.00000000000001]]]]}}